s1_c1,s1_v,s1_c2,s2_c,s2_v,s3_f
y,a,s,k,a,lis
j,e,ss,kl,e,liz
g,i,z,y,i,ly
z,o,x,m,o,lys
k,u,r,n,u,li
c,y,n,l,y,ly
w,ai,l,f,ai,lyz
l,ay,ll,b,ay,berto
r,ei,,r,ei,ber
f,ey,,rr,ey,bert
yh,oa,,c,oa,berth
jh,ua,,cl,ua,lin
gh,iu,,,iu,ling
cr,yu,,,yu,xys
chr,ia,,,,xis
wh,ya,,,,xi
v,,,,,xy
kl,,,,,litza
cl,,,,,nnys
,,,,,nys
,,,,,nnis
,,,,,nis
,,,,,yelis
,,,,,jelis
,,,,,yelly
,,,,,yellys
,,,,,jelys
,,,,,mis
,,,,,mmis
,,,,,miz
,,,,,myz
,,,,,bis
,,,,,bys
,,,,,ny
,,,,,ni
,,,,,x√≥n
,,,,,xon
,,,,,son
,,,,,sson
,,,,,tan
,,,,,than
,,,,,tahn
,,,,,mys
,,,,,dy
,,,,,di
,,,,,dis
,,,,,dys
,,,,,ma
,,,,,mar
,,,,,ng
,,,,,ngel
,,,,,der
,,,,,beth
,,,,,reth
,,,,,leth
,,,,,ng
,,,,,nk
,,,,,ngh
,,,,,nkh